{
    "properties": {
        "title": "myTitle",
        "thumbnail": "CA==",
        "resource-uri": "http://example.com",
        "created": "2012-09-01T00:09:19.368+0000",
        "metadata-content-type-version": "myVersion",
        "metadata-content-type": "myType",
        "metadata": "<xml>DDF</xml>",
        "modified": "2012-09-01T00:09:19.368+0000"
    },
    "type": "Feature",
    "geometry": {
        "type": "Point",
        "coordinates": [
            30.0,
            10.0
        ]
    }
} 